{"stat.pickup.tconstruct.tooltables":8,"stat.walkOneCm":68294,"stat.pickup.minecraft.bone":1,"stat.useItem.minecraft.torch":2,"stat.leaveGame":1,"stat.pickup.minecraft.arrow":1,"stat.mineBlock.minecraft.cobblestone":1,"stat.useItem.tconstruct.mattock":8,"stat.useItem.minecraft.cobblestone":12,"stat.craftItem.minecraft.crafting_table":2,"stat.furnaceInteraction":17,"stat.mineBlock.minecraft.coal_ore":26,"stat.pickup.minecraft.log":5,"stat.jump":234,"stat.swimOneCm":64,"stat.pickup.minecraft.coal":48,"stat.fallOneCm":1111,"stat.useItem.tconstruct.pickaxe":161,"stat.pickup.minecraft.furnace":1,"stat.craftItem.minecraft.stone_slab2":0,"stat.craftItem.minecraft.iron_chestplate":1,"stat.crouchOneCm":14013,"stat.craftItem.minecraft.iron_ingot":27,"stat.craftItem.minecraft.torch":4,"stat.craftItem.tconstruct.tooltables":4,"stat.pickup.minecraft.dirt":10,"stat.useItem.minecraft.dirt":1,"stat.craftItem.minecraft.iron_helmet":1,"stat.sprintOneCm":39560,"stat.useItem.minecraft.stone_slab2":16,"stat.craftItem.minecraft.stick":8,"stat.pickup.minecraft.iron_ore":27,"stat.killEntity.Skeleton":1,"stat.pickup.minecraft.sand":1,"stat.craftItem.minecraft.furnace":2,"stat.craftItem.minecraft.planks":24,"stat.mineBlock.tconstruct.tooltables":8,"stat.craftItem.tconstruct.pattern":13,"stat.craftItem.minecraft.iron_boots":1,"stat.mineBlock.minecraft.log2":2,"stat.drop.minecraft.leather_boots":1,"stat.damageTaken":140,"stat.mineBlock.minecraft.furnace":1,"stat.mobKills":2,"stat.pickup.minecraft.cobblestone":102,"stat.mineBlock.minecraft.log":5,"stat.pickup.minecraft.log2":2,"stat.pickup.minecraft.leather_boots":1,"stat.flyOneCm":15027,"stat.drop":3,"stat.mineBlock.minecraft.leaves":2,"stat.mineBlock.minecraft.sand":1,"stat.playOneMinute":35098,"stat.sneakTime":6685,"stat.craftItem.minecraft.iron_leggings":1,"stat.damageDealt":397,"stat.mineBlock.minecraft.iron_ore":27,"stat.killEntity.Zombie":1,"stat.drop.minecraft.arrow":1,"stat.timeSinceDeath":35098,"stat.mineBlock.minecraft.dirt":11,"stat.drop.tconstruct.book":1,"stat.mineBlock.minecraft.stone":105,"stat.mineBlock.minecraft.tallgrass":2}