{"stat.leaveGame":4,"stat.mineBlock.minecraft.cobblestone":5,"stat.useItem.tconstruct.mattock":58,"stat.pickup.minecraft.flint":17,"stat.craftItem.tconstruct.faucet":1,"stat.swimOneCm":11208,"stat.drop.tconstruct.pickaxe":2,"stat.useItem.minecraft.planks":78,"stat.useItem.minecraft.dirt":7,"stat.useItem.minecraft.stone_slab2":32,"stat.drop.tconstruct.tool_rod":1,"stat.pickup.minecraft.rotten_flesh":3,"stat.craftItem.minecraft.dark_oak_door":3,"stat.pickup.minecraft.sand":90,"stat.craftItem.minecraft.furnace":7,"stat.craftItem.minecraft.iron_boots":1,"stat.craftItem.minecraft.cooked_beef":14,"stat.pickup.minecraft.cobblestone":238,"stat.pickup.minecraft.leather_boots":1,"stat.mineBlock.minecraft.clay":24,"stat.flyOneCm":26710,"stat.mineBlock.minecraft.sand":90,"stat.useItem.minecraft.cooked_beef":2,"stat.mineBlock.minecraft.iron_ore":44,"stat.timeSinceDeath":77629,"stat.craftItem.tconstruct.seared":30,"stat.furnaceInteraction":80,"stat.mineBlock.minecraft.coal_ore":39,"stat.craftItem.tconstruct.soil":178,"stat.pickup.minecraft.beef":14,"stat.pickup.minecraft.furnace":3,"stat.craftItem.minecraft.stone_slab2":1,"stat.pickup.minecraft.leather_helmet":1,"stat.craftItem.tconstruct.tooltables":4,"stat.sprintOneCm":87338,"stat.useItem.minecraft.stone_stairs":1,"stat.craftItem.minecraft.stick":8,"stat.useItem.minecraft.dark_oak_door":2,"stat.useItem.minecraft.carrot":1,"stat.mineBlock.minecraft.planks":1,"stat.drop":4,"stat.playOneMinute":77629,"stat.useItem.tconstruct.seared":29,"stat.killEntity.Zombie":2,"stat.mineBlock.minecraft.tallgrass":1,"stat.diveOneCm":7029,"stat.pickup.tconstruct.seared":2,"stat.pickup.tconstruct.tooltables":12,"stat.pickup.minecraft.gravel":125,"stat.pickup.tconstruct.tool_rod":1,"stat.useItem.minecraft.rotten_flesh":1,"stat.pickup.tconstruct.hatchet":1,"stat.jump":350,"stat.pickup.minecraft.coal":62,"stat.fallOneCm":1891,"stat.pickup.minecraft.carrot":1,"stat.crouchOneCm":2404,"stat.craftItem.minecraft.torch":16,"stat.craftItem.minecraft.iron_ingot":37,"stat.pickup.minecraft.dirt":21,"stat.craftItem.minecraft.iron_helmet":1,"stat.pickup.minecraft.iron_ore":44,"stat.mineBlock.tconstruct.tooltables":12,"stat.craftItem.tconstruct.pattern":13,"stat.mineBlock.minecraft.leaves2":3,"stat.mineBlock.minecraft.log2":36,"stat.pickup.minecraft.leather":4,"stat.damageTaken":110,"stat.mineBlock.minecraft.torch":3,"stat.mineBlock.minecraft.furnace":3,"stat.useItem.minecraft.furnace":6,"stat.craftItem.tconstruct.materials":160,"stat.pickup.minecraft.log2":36,"stat.pickup.minecraft.planks":1,"stat.mineBlock.minecraft.gravel":142,"stat.craftItem.tconstruct.seared_tank":1,"stat.craftItem.minecraft.iron_leggings":1,"stat.damageDealt":1001,"stat.craftItem.minecraft.glass":1,"stat.killEntity.Cow":6,"stat.mineBlock.minecraft.dirt":21,"stat.useItem.tconstruct.shovel":244,"stat.walkOneCm":242143,"stat.useItem.minecraft.torch":9,"stat.useItem.quark.custom_chest":2,"stat.craftItem.tconstruct.smeltery_io":1,"stat.craftItem.quark.custom_chest":4,"stat.craftItem.minecraft.stone_stairs":8,"stat.pickup.minecraft.clay_ball":96,"stat.useItem.minecraft.cobblestone":52,"stat.craftItem.minecraft.crafting_table":2,"stat.pickup.tconstruct.pickaxe":1,"stat.useItem.tconstruct.pickaxe":330,"stat.craftItem.minecraft.iron_chestplate":1,"stat.pickup.minecraft.sapling":2,"stat.craftItem.tconstruct.smeltery_controller":1,"stat.craftItem.minecraft.bucket":2,"stat.craftItem.minecraft.planks":140,"stat.mobKills":8,"stat.pickup.minecraft.torch":3,"stat.drop.tconstruct.hatchet":1,"stat.mineBlock.tconstruct.seared":2,"stat.sneakTime":928,"stat.mineBlock.minecraft.stone":229}